ID,LastName,FirstName,HireDate,HireTime
1,Stephen,Tim,2020-04-27,15:45:00
2,Diaz,Marianne,2020-02-21,16:35:00
3,Brock,Philip,2020-02-26,13:25:00
4,Stanley,Stephanie,2020-03-09,12:20:00
5,Commings,Shanda,2020-02-21,9:18:00
6,Coleman,Melanie,2020-03-18,10:18:00
7,Graham,Leona,2020-04-16,9:13:00
8,Barnes,Heather,2020-01-09,18:27:00
9,Cullen,Jessie,2020-04-13,11:59:00
10,Dailey,Carmen,2020-04-28,17:57:00
11,Holder,Coleen,2020-03-04,14:3:00
12,Mcinnis,Joy,2020-04-05,16:53:00
13,Diamond,Marquita,2020-03-14,7:41:00
14,Biagioni,Rosemarie,2020-01-17,19:10:00
15,Smith,Adam,2020-03-08,18:43:00
16,Levay,Michael,2020-04-01,17:7:00
17,Sanders,Roseanne,2020-03-07,14:19:00
18,Burris,Tammy,2020-02-13,17:44:00
19,Hunter,Yolanda,2020-04-01,13:48:00
20,Wiest,Amanda,2020-01-10,19:49:00
21,Neff,Katherine,2020-03-25,12:36:00
22,Lee,Roberta,2020-02-03,12:3:00
23,Quinn,Herbert,2019-12-30,13:27:00
24,Curtis,Alfred,2020-03-07,8:15:00
25,Forsythe,Heather,2020-01-04,11:57:00
26,Hughes,Rochelle,2020-02-09,10:29:00
27,Thompson,Jack,2020-01-07,18:19:00
28,Wheaton,Doreen,2020-04-28,13:9:00
29,Ferrell,Leo,2020-04-25,12:54:00
30,Robinson,Willis,2020-03-11,13:34:00
31,Whitehouse,Carlos,2020-04-22,8:47:00
32,Levine,Steve,2020-05-05,10:57:00
33,Bright,Maria,2020-01-28,19:28:00
34,Ross,Larry,2019-12-30,14:48:00
35,Phillips,Matthew,2020-04-20,9:54:00
36,Wilson,Gwendolyn,2020-03-16,10:30:00
37,Rocque,William,2020-02-01,9:25:00
38,Self,Joseph,2020-03-11,13:17:00
39,Allen,James,2020-04-13,18:24:00
40,Sandberg,Gabriel,2019-12-22,12:58:00
41,Gordon,Bryan,2020-01-08,10:20:00
42,Taylor,Joshua,2020-01-13,14:20:00
43,Gibson,Tiffany,2020-04-10,7:24:00
44,Wiley,Edward,2019-12-20,14:58:00
45,Baker,Wendy,2020-03-08,13:16:00
46,Golden,Jeff,2020-02-09,8:11:00
47,Zirkle,Alice,2020-01-08,15:47:00
48,Maney,Karin,2019-12-23,15:50:00
49,Grant,Diana,2020-02-20,8:38:00
50,Turner,Marjorie,2020-05-06,7:14:00
51,Neilson,Fredrick,2020-01-22,14:20:00
52,Osorno,Pedro,2019-12-19,7:7:00
53,Sanders,Michele,2020-01-27,12:33:00
54,Appleton,Danny,2020-03-11,19:41:00
55,Flannery,Keith,2020-04-03,9:54:00
56,Cooper,Barry,2020-05-03,19:2:00
57,Longnecker,Lyle,2020-03-27,13:10:00
58,Woodruff,Melanie,2020-01-04,19:3:00
59,Parkison,Irma,2020-03-03,20:45:00
60,Blaize,Bessie,2020-02-01,11:47:00
61,Ricks,Kenneth,2020-02-18,12:38:00
62,Marshall,Vera,2019-12-26,14:53:00
63,Scalise,Peter,2020-04-22,12:53:00
64,Toro,Ben,2020-02-16,10:16:00
65,Pope,Anthony,2020-02-06,11:21:00
66,Watson,Donald,2020-03-17,10:53:00
67,Ray,Harry,2020-03-03,16:9:00
68,Lopez,Wendy,2020-05-13,12:42:00
69,Whittington,John,2020-02-18,15:3:00
70,Rogers,Todd,2020-03-08,8:14:00
71,Weikel,Tamara,2020-03-02,19:44:00
72,Torres,Sandra,2020-01-16,17:9:00
73,Ferris,Joanne,2020-05-08,8:48:00
74,Dahl,Clifford,2020-02-11,16:6:00
75,Smithers,Adolfo,2020-04-06,13:19:00
76,Bolton,Mark,2020-04-06,11:34:00
77,Mulroy,Theodore,2020-02-27,10:59:00
78,Corvin,Daniel,2020-04-14,18:17:00
79,Meeks,Charles,2020-04-22,11:42:00
80,Gaytan,Helen,2020-03-23,9:29:00
81,Henderson,Brian,2020-02-10,14:41:00
82,Rosenberg,Norman,2020-04-09,12:57:00
83,Nielson,Joy,2020-02-03,8:24:00
84,Fritz,Joel,2020-03-04,13:59:00
85,Kornreich,Donte,2020-04-08,9:9:00
86,Pittman,Kevin,2020-01-26,14:3:00
87,Pier,Mary,2019-12-25,11:17:00
88,Mcgee,Barbara,2020-03-02,17:16:00
89,Howard,Edith,2020-04-07,7:7:00
90,Kouba,Betty,2020-02-07,12:7:00
91,Brown,Allison,2020-04-24,9:18:00
92,Archambault,Michael,2020-04-09,9:54:00
93,Windsor,Gary,2020-01-10,9:55:00
94,Davies,Felix,2020-02-18,7:1:00
95,Brown,Priscilla,2020-04-08,9:42:00
96,Hodnett,Travis,2020-03-09,16:26:00
97,Riner,Philip,2020-03-08,17:0:00
98,Tallent,Jennifer,2020-04-16,19:14:00
99,Inyart,Malcolm,2020-02-23,15:13:00
100,Marlowe,Tracy,2020-01-05,10:36:00
